PostDate,ContentType,Likes,Comments,Views,ContentTheme,Caption
18-06-2025,Reel,0,0,57,"Scoliosis, Testimonial","ЁЭРТЁЭРЬЁЭРиЁЭРеЁЭРвЁЭРиЁЭРмЁЭРвЁЭРм ЁЭРАЁЭР░ЁЭРЪЁЭРлЁЭРЮЁЭРзЁЭРЮЁЭРмЁЭРм ЁЭРМЁЭРиЁЭРзЁЭРнЁЭРб !
Pre & Post analysis of Scoliosis in a patient."
17-06-2025,Image,3,0,,Scoliosis,"ЁЭРМЁЭР▓ЁЭРнЁЭРбЁЭРм & ЁЭРЕЁЭРЪЁЭРЬЁЭРнЁЭРм ЁЭРЪЁЭРЫЁЭРиЁЭРоЁЭРн ЁЭРТЁЭРЬЁЭРиЁЭРеЁЭРвЁЭРиЁЭРмЁЭРвЁЭРм !
ЁЭРТЁЭРЮЁЭРлЁЭРвЁЭРЮЁЭРм - ЁЭЯР"
16-06-2025,Reel,1,0,284,"Scoliosis, Testimonial","ЁЭРТЁЭРЬЁЭРиЁЭРеЁЭРвЁЭРиЁЭРмЁЭРвЁЭРм ЁЭРАЁЭР░ЁЭРЪЁЭРлЁЭРЮЁЭРзЁЭРЮЁЭРмЁЭРм ЁЭРМЁЭРиЁЭРзЁЭРнЁЭРб !
рдУрдо рд░рд╛рдЬ рд╕рд┐рдВрд╣ - рд╕реНрдХреЛрд▓рд┐рдпреЛрд╕рд┐рд╕рд▓реЗ рдкрд┐рдбрд╝рд┐рдд рд╣реБрдВрджрд╛ рд╡рд┐рджреНрдпрд╛рд▓рдпрдорд╛ рд╕рд╛рдерд┐рд╣рд░реБ рд╕рд┐рдд рдЕрдкрд╣реЗрд▓рд┐рдд рд╣реБрдиреБ рдкрд░реЗрдХреЛ рдШрдЯрдирд╛ рдмрд┐рд░реНрд╕рд┐рдПрдХрд╛ рдЫреИрдирдиреНред рдЧреНрд░рд╛рдгреНрдбреА рдЕрд╕реНрдкрддрд╛рд▓рдорд╛ рдЕрдкреНрд░реЗрд╕рди рдкрд╢реНрдЪрд╛рдд рдкреВрд░реНрдг рд░реВрдкрдорд╛ рд╕реНрд╡рд╕реНрдереНрдп рд░ рд╕рд╛рдорд╛рдиреНрдп рдЬреАрд╡рди рд╡реНрдпрддреАрдд рдЧрд░рд┐рд░рд╣реЗрдХрд╛ рдЙрдиреА рдЖрдлреНрдиреЛ рдЕрдиреБрднрд╡ рд╕рд╛рдЭрд╛ рдЧрд░реНрджреИ....
рдкреНрд░рд╛рдпрдГ рдмрд╛рд▓рдмрд╛рд▓рд┐рдХрд╛рдорд╛ рджреЗрдЦрд┐рдиреЗ рдпрд╕ рд░реЛрдЧрдХреЛ рдорд╛рдирд╕рд┐рдХ рдкреНрд░рднрд╛рд╡ рдкрдирд┐ рдЙрддрд┐рдХреИ рд╣реБрдиреНрдЫред"
16-06-2025,Image,16,0,,Training,"ЁЭРТЁЭРнЁЭРлЁЭРЮЁЭРзЁЭРаЁЭРнЁЭРбЁЭРЮЁЭРзЁЭРвЁЭРзЁЭРа ЁЭРОЁЭРоЁЭРл ЁЭРТЁЭРдЁЭРвЁЭРеЁЭРеЁЭРм!
As part of our continuous training program, Chief Financial Officer (CFO) Mr. Dipendra Pokharel conducted an insightful session on Conflict Resolution, focusing on handling complaints and suggestions. We are committed to equipping our staff with the tools they need to provide the best service possible!"
15-06-2025,Image,2,0,,Scoliosis,"ЁЭРТЁЭРЬЁЭРиЁЭРеЁЭРвЁЭРиЁЭРмЁЭРвЁЭРм ЁЭРАЁЭР░ЁЭРЪЁЭРлЁЭРЮЁЭРзЁЭРЮЁЭРмЁЭРм ЁЭРМЁЭРиЁЭРзЁЭРнЁЭРб !
Scoliosis can't stop you chase your Dream !
It is treatable.
Contact us for further details : 01-5159266, 9801202550"
15-06-2025,Image,0,0,,Scoliosis,"ЁЭРТЁЭРЬЁЭРиЁЭРеЁЭРвЁЭРиЁЭРмЁЭРвЁЭРм ЁЭРЬЁЭРЪЁЭРз'ЁЭРн ЁЭРмЁЭРнЁЭРиЁЭРй ЁЭР▓ЁЭРиЁЭРо ЁЭРЬЁЭРбЁЭРЪЁЭРмЁЭРЮ ЁЭР▓ЁЭРиЁЭРоЁЭРл ЁЭРГЁЭРлЁЭРЮЁЭРЪЁЭРж !
It is treatable. Contact us for further details."
13-06-2025,Reel,1,0,182,"Scoliosis, Testimonial","рд╕реНрдХреЛрд▓рд┐рдпреЛрд╕рд┐рд╕рдХреЛ рдЙрдкрдЪрд╛рд░ рдЧреНрд░рд╛рдгреНрдбреА рдЕрд╕реНрдкрддрд╛рд▓рдорд╛ рдЧрд░реЗ рдкрд╢реНрдЪрд╛рдд рдЖрдлреБрд▓рд╛рдИ рдкреБрд░реНрдг рд░реБрдкрдорд╛ рд╕рд╛рдорд╛рдиреНрдп рд░ рд╕реНрд╡рд╕реНрдереНрдп рдЕрдиреБрднрд╡ рдЧрд░реНрджреИ рдЖрдлреНрдиреЛ рд╕рдлрд▓рддрд╛рдХреЛ рдХрдерд╛ рд╕рд╛рдЭрд╛ рдЧрд░реНрджреИ, рдЕрд╕реНрдореА рднреБрд╖рд╛рд▓ред"
11-06-2025,Reel,10,0,816,"Scoliosis, Testimonial","рдпреАрдиреА рд╣реБрдиреН, рдЖрд░реЛрд╣реА рдЪрд╛рдкрд╛рдЧрд╛рдИрдВред рдХреБрдиреИ рдмреЗрд▓рд╛ рд╕реНрдХреЛрд▓рд┐рдпреЛрд╕рд┐рд╕рд▓реЗ рдкрд┐рдбрд╝рд┐рдд рдЫрдВрджрд╛ рдЬреАрд╡рди рдЕрддрд┐ рдиреИ рдХрд╖реНрдЯрдХрд░ рдерд┐рдпреЛред рдЧреНрд░рд╛рдгреНрдбреА рдЕрд╕реНрдкрддрд╛рд▓рдорд╛ рдЕрдкреНрд░реЗрд╕рди рдкрд╢реНрдЪрд╛рдд рд╕рдореНрдкреВрд░реНрдг рдХреНрд░рд┐рдпрд╛рдХрд▓рд╛рдк рдЖрдлреИ рдЧрд░реНрди рдкрд╛рдЙрдВрджрд╛, рдЬреАрд╡рди рдиреИ рдкрд░рд┐рд╡рд░реНрддрди рднрдПрдХреЛ рдЕрдиреБрднрд╡ рдЧрд░реНрджреИ, рдЖрдлреНрдиреЛ рдЦреБрд╢реА рдпрд╕рд░реА рд╡реНрдпрдХреНрдд рдЧрд░реНрдЫрд┐рдиреН......"
09-06-2025,Reel,3,0,306,"Scoliosis, Testimonial",рд╕реНрдХреЛрд▓рд┐рдпреЛрд╕рд┐рд╕рдХреЛ рдЙрдкрдЪрд╛рд░рдорд╛ рдкрд╣рд┐рд▓реЛ рдЪрд░рдгрдорд╛ brace рд▓рдЧрд╛рдПрд░ control рдЧрд░реНрдиреЗ рдкреНрд░рдпрд╛рд╕ рдЧрд░рд┐рдиреНрдЫред рд░ рдЕрдиреНрддрд┐рдо рдЙрдкрд╛рдп рднрдиреЗрдХреЛ рд╢рд▓реНрдпрдХреНрд░рд┐рдпрд╛ рдиреИ рд╣реЛред рд╡рд┐рд░рд╛рдореАрдХреЛ counselling рддрдерд╛ motivation рдпрд╕ рдЕрд╡рдзрд┐рдорд╛ рдирд┐рдХреИ рдиреИ рдорд╣рддреНрд╡рдкреВрд░реНрдг рд╣реБрдиреНрдЫред рд╕реБрдиреМрдВ рд╡рд┐рд░рд╛рдореАрдХреЛ рдЕрдиреБрднрд╡ рд╡рд╣рд╛рдВрдХреИ рдореБрдЦрдмрд╛рдЯ....
11-06-2025,Post,29,1,,Visit,Educational field trip of students from Triyog High School to Grande International Hospital. We believe inspiring young minds through such excursions will empower them in becoming future healthcare heroes.
08-06-2025,Post,16,0,,Training,"ЁЭРДЁЭРеЁЭРЮЁЭРпЁЭРЪЁЭРнЁЭРвЁЭРзЁЭРа ЁЭРОЁЭРоЁЭРл ЁЭРВЁЭРоЁЭРмЁЭРнЁЭРиЁЭРжЁЭРЮЁЭРл ЁЭРВЁЭРЪЁЭРлЁЭРЮ!
As part of Soft Skill Training initiative, Grande International Hospital is dedicated to empowering our staff. In this series, Ms. Archana Pradhan, AGM of Operations & Business Development, conducted a valuable training session on Grooming and Personality Building. We're committed to enhancing our teamтАЩs skills to provide exceptional service and create a welcoming environment for all !"
02-06-2025,Post,29,0,,Training,"Enhancing Communication Skills! As part of our soft skills training for staff, Ms. LD Maharjan, our Nursing Director, led an insightful session on Health Communication. Together, we are committed to improving our communication skills to better serve our patients and enhance"
01-06-2025,Image,6,0,,Announcement,"ЁЭРЖЁЭРлЁЭРЪЁЭРзЁЭРЭЁЭРЮ ЁЭРЛЁЭРЮЁЭРЬЁЭРнЁЭРоЁЭРлЁЭРЮ
We are pleased to announce the next episode of Grande Lecture. Prof Dr Prem Raj Gyawali, Chief Consultant Urologist & Kidney Transplant Surgeon will be delivering his insightful presentation. Topic of presentation will be :
"" ЁЭЯПЁЭЯЧЁЭЯСЁЭЯФ ЁЭРГЁЭРЪЁЭР▓ЁЭРм """
19-05-2025,Reel,13,0,556,Testimonial,"Patient Testimonial of Steve Corroyer, who came from New Caledonia Island. During summit to Mt. Makalu, unfortunately fall sick and got treatment under the care of Dr. Binod Bijukachhe, Consultant Orthopedics & Spine Surgeon at Grande International Hospital. Over the course of his hospitalization, the patient experienced good improvement in his condition and shares his experience of treatment and stay."
16-05-2025,Reel,9,0,350,Educative,"рдЖрдЬ рдореЗ резрем рдЕрд░реНрдерд╛рдд рд░рд╛рд╖реНрдЯреНрд░рд┐рдп рдбреЗрдВрдЧреБ рджрд┐рд╡рд╕ рд╣реЛ ред
рдбреЗрдВрдЧреБ рдЕрд╣рд┐рд▓реЗрдХреЛ рдПрдХ рдЧрдореНрднреАрд░ рд╕рд╛рд░реНрд╡рдЬрдирд┐рдХ рд╕реНрд╡рд╛рд╕реНрдереНрдп рд╕рдорд╕реНрдпрд╛ рд╣реЛ, рдЬрд╕рд▓реЗ рд╡рд░реНрд╖реЗрдиреА рдзреЗрд░реИ рдиреЗрдкрд╛рд▓реАрд▓рд╛рдИ рдкреНрд░рднрд╛рд╡рд┐рдд рдЧрд░рд┐рд░рд╣реЗрдХреЛ рдЫред рдпрд╕ рд░реЛрдЧрдХреЛ рдореБрдЦреНрдп рд╕реНрд░реЛрдд рдПрдбрд┐рд╕ рдЬрд╛рддрдХреЛ рд▓рд╛рдордЦреБрдЯреНрдЯреЗ рд╣реЛ, рдЬреБрди рд╣рд╛рдореНрд░реЛ рд╡рд░рд┐рдкрд░рд┐ рдЬрдореНрдорд╛ рднрдПрдХреЛ рдкрд╛рдиреАрдорд╛ рдмрд╕реНрдиреЗ рдЧрд░реНрдЫред рд╣рд╛рдореНрд░реЛ
рд╕рд╛рдирд╛ рд╕рд╛рдирд╛ рдкреНрд░рдпрд╛рд╕рд╣рд░реВрд▓реЗ рд╕рдмреИрд▓рд╛рдИ рдбреЗрдВрдЧреБрдмрд╛рдЯ рд╕реБрд░рдХреНрд╖рд┐рдд рд░рд╛рдЦреНрди рд╕рдХрд┐рдиреНрдЫ ред рдЧреНрд░рд╛рдгреНрдбреА рдИрдиреНрдЯрд░рдиреЗрд╢рдирд▓ рд╣рд╕реНрдкрд┐рдЯрд▓рдХрд╛ рдХрдиреНрд╕рд▓рдЯреНрдпрд╛рдиреНрдЯ рдлрд┐рдЬрд┐рд╢рд┐рдпрди рдбрд╛. рдмрд┐рдирдп рд░реЗрдЧреНрдореАрдХреЛ рдпреЛ рдорд╣рддреНрд╡рдкреВрд░реНрдг рд╕реБрдЭрд╛рд╡ рд╕реБрдиреМрдВред рдЬрдирдЪреЗрддрдирд╛рдХреЛ рд▓рд╛рдЧреА рд╕реЗрдпрд░ рдЧрд░реМрдВ !"
14-04-2025,Image,14,0,,Announcement,NA
14-04-2025,Image,5,0,,Announcement,NA
04-04-2025,Reel,7,1,582,Educative,"рд╣рд╛рдореА рд╕рдмреИрд▓реЗ рд╕рд╛рдиреИ рджреЗрдЦрд┐ рджрд╛рдВрдд рдорд╛рдЭрд┐рд░рд╣реЗрдХрд╛ рдЫреМрдВред рддрд░ рдХреЗ рд╣рд╛рдореАрд▓реЗ рдорд╛рдЭреНрдиреЗ рддрд░рд┐рдХрд╛ рд╕рд╣рд┐ рдЫ? рдХрд╕реНрддреЛ рдмреНрд░рд╢ рдкреНрд░рдпреЛрдЧ рдЧрд░реНрдиреЗ, рдкреЗрд╖реНрдЯ рдХрд╕реНрддреЛ рд░ рдХрддрд┐рдХреЛ рд▓рд┐рдиреЗ? рдбреЗрдиреНрдЯрд▓ рдлреНрд▓рд╕рдХреЛ рдкреНрд░рдпреЛрдЧ рдХрд╕рд░реА рдЧрд░реНрдиреЗ рдЖрджрд┐ рдХреБрд░рд╛рд╣рд░реВрдХреЛ рдмрд╛рд░реЗрдорд╛ рд╡рд┐рд╕реНрддреГрдд рдЬрд╛рдирдХрд╛рд░реА рд╕рд╣рд┐рдд рдбреЗрдиреНрдЯрд▓ рд╕рд░реНрдЬрди рдбреЙ рдЖрдпреБрд╖рд╛ рдерд╛рдкрд╛рдХреЛ рдЬрд╛рдирдХрд╛рд░реА рдореБрд▓рдХ рдпреЛ рднрд┐рдбрд╝реАрдпреЛ рд╣реЗрд░реМрдВ рд░ рдЬрдирдЪреЗрддрдирд╛рдХреЛ рд▓рд╛рдЧрд┐ рд╕реЗрдпрд░ рдЧрд░реМрдВред"
24-03-2025,Reel,17,1,461,Educative,"рд╡рд┐рд╢реНрд╡ рдХреНрд╖рдпрд░реЛрдЧ (рдЯреАрдмреА) рджрд┐рд╡рд╕ рдкреНрд░рддреНрдпреЗрдХ рд╡рд░реНрд╖ рдорд╛рд░реНрдЪ реирек рдорд╛ рдордирд╛рдЗрдиреНрдЫред рдпреЛ рджрд┐рд╡рд╕ рдХреНрд╖рдпрд░реЛрдЧ (рдЯреНрдпреВрдмрд░рдХреНрдпреБрд▓реЛрд╕рд┐рд╕ - TB) рд╕рдореНрдмрдиреНрдзрд┐ рдЬрдирдЪреЗрддрдирд╛ рдлреИрд▓рд╛рдЙрдиреЗ рдЙрджреНрджреЗрд╢реНрдпрд▓реЗ рдордирд╛рдЗрдиреНрдЫ, рдХрд┐рдирднрдиреЗ рдпреЛ рдЕрдЭреИ рдкрдирд┐ рд╡рд┐рд╢реНрд╡рднрд░рд┐ рдПрдХ рдЧрдореНрднреАрд░ рд╕реНрд╡рд╛рд╕реНрдереНрдп рд╕рдорд╕реНрдпрд╛ рд░рд╣реЗрдХреЛ рдЫред рдорд╛рдирд╡ рд╕рднреНрдпрд╛рддрд╛рдХреЛ рд╕реБрд░реБрд╡рд╛рдд рд╕рдВрдЧреИ рдЙрддреНрдкрдиреНрди рднрдПрдХреЛ рдпреЛ рд░реЛрдЧ рдХрд░реАрд╡ рел рд╣рдЬрд╛рд░ рдмрд░реНрд╖ рдкреБрд░рд╛рдиреЛ рдорд╛рдирд┐рдиреНрдЫ ред рдХреНрд╖рдпрд░реЛрдЧ рдХреЗ рд╣реЛ ? рдХрд╛рд░рдг, рд▓рдХреНрд╖рдг, рдЙрдкрдЪрд╛рд░ рд░ рд░реЛрдХрдерд╛рдордХрд╛ рдЙрдкрд╛рдпрд╣рд░реВ рдХреЗ рдХреЗ рд╣реБрдиреН ? рдЧреНрд░рд╛рдгреНрдбреА рдЕрд╕реНрдкрддрд╛рд▓рдорд╛ рдХрд╛рд░реНрдпрд░рдд рдЫрд╛рддреА рддрдерд╛ рдлрд╝реЛрдХреНрд╕реЛ рд░реЛрдЧ рд╡рд┐рд╢реЗрд╖рдЬреНрдЮ рдбрд╛ рд░рдмрд┐ рдорд╣рддрдХреЛ рдпреЛ рд╕рдиреНрджреЗрд╢рдореВрд▓рдХ рднрд┐рдбрд╝реАрдпреЛ рд╣реЗрд░реМрдВ , рдЬрдирдЪреЗрддрдирд╛рдХреЛ рд▓рд╛рдЧреА рд╕реЗрдпрд░ рдЧрд░реМрдВ !"
23-03-2025,Post,16,0,,Training,"Elevating Awareness, Enhancing Oncological Care! Grande International Hospital organized a CME program to raise awareness and share the latest insights and strategies in cancer management. The program was conducted by Dr. Rajeeb Kumar Deo, Consultant Medical Oncologist. Together, let's work to improve cancer outcomes through education!"
20-03-2025,Reel,3,0,353,Educative,"ЁЭРЦЁЭРиЁЭРлЁЭРеЁЭРЭ ЁЭРОЁЭРлЁЭРЪЁЭРе ЁЭРЗЁЭРЮЁЭРЪЁЭРеЁЭРнЁЭРб ЁЭРГЁЭРЪЁЭР▓ ЁЭЯРЁЭЯОЁЭЯРЁЭЯУ
Our oral hygiene can lead to other health issues. Listen to Consultant Oral Maxillofacial Surgeon Dr Amit Khanal on this topic."
16-03-2025,Reel,2,0,426,Educative,рд╡рд┐рд╢реЗрд╖ рдЧрд░реА рдорд╣рд┐рд▓рд╛рд╣рд░реБрдорд╛ рджреЗрдЦрд┐рдиреЗ рдкреНрд░рдореБрдЦ рдХреНрдпрд╛рдиреНрд╕рд░рд╣рд░реБ рдХреЗ рдХреЗ рд╣реБрдиреН? рдХреЗрд╣рд┐ рдХреНрдпрд╛рдиреНрд╕рд░рд▓рд╛рдИ рдЦреЛрдк рд▓рдЧрд╛рдПрд░ рд░реЛрдХреНрди рд╕рдХрд┐рдиреНрдЫ рднрдиреЗ рдХреЗрд╣рд┐рд▓рд╛рдИ рд╕рдордп рд╕рдордпрдорд╛ рдкрд░рд┐рдХреНрд╖рдг рдЧрд░рд╛рдИ early stage рдорд╛ рдкрд╣рд┐рдЪрд╛рди рдЧрд░реА рдирд┐рдХреЛ рдкрд╛рд░реНрди рд╕рдХрд┐рдиреНрдЫред рдХреЗрд╣рд┐ рдХреНрдпрд╛рдиреНрд╕рд░рд▓рд╛рдИ Endoscopy / Colonoscopy рджреНрд╡рд╛рд░рд╛ screening рдЧрд░реНрди рд╕рдХрд┐рдиреНрдЫред рдХрдиреНрд╕рд▓рдЯреНрдпрд╛рдиреНрдЯ рдореЗрдбрд┐рдХрд▓ рдЕрдВрдХреЛрд▓реЛрдЬрд┐рд╕реНрдЯ рдбрд╛ рд░рд╛рдЬрд┐рд╡ рдХреБрдорд╛рд░ рджреЗрд╡рдмрд╛рдЯ рдорд╣рд┐рд▓рд╛рд╣рд░реБрдорд╛ рджреЗрдЦрд┐рдиреЗ рдХреНрдпрд╛рдиреНрд╕рд░ рд╕рдореНрдмрдиреНрдзрд┐ рдпреЛ рднрд┐рдбрд╝реАрдпреЛ рд╣реЗрд░реМрдВ рд░ рдЬрдирдЪреЗрддрдирд╛рдХреЛ рд▓рд╛рдЧрд┐ рд╕реЗрдпрд░ рдЧрд░реМрдВред
12-03-2025,Reel,9,0,326,Educative,"ЁЭРЦЁЭРиЁЭРлЁЭРеЁЭРЭ ЁЭРКЁЭРвЁЭРЭЁЭРзЁЭРЮЁЭР▓ ЁЭРГЁЭРЪЁЭР▓ - ЁЭЯРЁЭЯОЁЭЯРЁЭЯУ
Kidney is very sensitive organ of human body. Consultant Nephrologist and Renal Transplant Physician Dr Upendra Joshi shares his knowledge about 8 golden rules to safeguard our Kidney."
10-03-2025,Reel,5,0,487,Testimonial,"Patient Testimonial of Russell Geisner, who came from Australia and got treatment under the care of Dr. Prashant Tripathi, Consultant Internal Medicine at Grande. Over the course of his hospitalization, the patient experienced good improvement in his condition and shares his experience of treatment and stay."
09-03-2025,Image,2,0,,Announcement,"ЁЭРТЁЭРйЁЭРЮЁЭРЬЁЭРвЁЭРЪЁЭРе ЁЭРОЁЭРЯЁЭРЯЁЭРЮЁЭРл of
ЁЭЯРЁЭЯС% ЁЭРЭЁЭРвЁЭРмЁЭРЬЁЭРиЁЭРоЁЭРзЁЭРн ЁЭРвЁЭРз ЁЭРТЁЭРЬЁЭРлЁЭРЮЁЭРЮЁЭРзЁЭРвЁЭРзЁЭРа ЁЭРВЁЭРиЁЭРеЁЭРиЁЭРзЁЭРиЁЭРмЁЭРЬЁЭРиЁЭРйЁЭР▓
on the occasion of Colorectal Awareness Month - March."
09-03-2025,Reel,7,0,531,Educative,"ЁЭРВЁЭРиЁЭРеЁЭРиЁЭРзЁЭРиЁЭРмЁЭРЬЁЭРиЁЭРйЁЭР▓:
рдареБрд▓реЛ рдЖрдиреНрджреНрд░рд╛рдорд╛ рд╣реБрдиреЗ рд╡рд┐рднрд┐рдиреНрди рд╕рдорд╕реНрдпрд╛рд╣рд░реБ рдЬрд╕реНрддреИ ; рджрд┐рд╕рд╛рдорд╛ рд░рдЧрдд рдЖрдЙрдиреБ, рд▓рдЧрд╛рддрд╛рд░ рдкреЗрдЯ рджреБрдЦреНрдиреБ, рддреМрд▓ рдХрдо рд╣реБрдБрджреИ рдЬрд╛рдиреБ, рд░рдЧрддрдХреЛ рдорд╛рддреНрд░рд╛ рдХрдо рд╣реБрдиреБ, рдареБрд▓реЛ рдЖрдиреНрджреНрд░рд╛рдХреЛ рдХреНрдпрд╛рдиреНрд╕рд░ рдЖрджрд┐ рд╕рдорд╕реНрдпрд╛рд╣рд░реБрдХреЛ рдирд┐рджрд╛рдирдХреЛ рд▓рд╛рдЧрд┐ Colonoscopy рдЧрд░рд┐рдиреНрдЫред рдпрд╕рд▓реЗ рд╕рдордпрдореИ рд╕рдорд╕реНрдпрд╛рдХреЛ рдкрд╣рд┐рдЪрд╛рди рдЧрд░рд┐ рдЙрдкрдЪрд╛рд░ рдЧрд░реНрди рдорджрдд рдкреБрд░реНрдпрд╛рдЙрдиреНрдЫред"
07-03-2025,Post,26,0,,Training,"This months Grande Lecture was presented today by Mr Bharat Kunwar, Chief Security Officer on""ЁЭРУЁЭРбЁЭРЮ ЁЭРАЁЭРлЁЭРн ЁЭРиЁЭРЯ ЁЭРОЁЭРЫЁЭРмЁЭРЮЁЭРлЁЭРпЁЭРЪЁЭРнЁЭРвЁЭРиЁЭРз"".
How the observation skill matters in our safety and security was shared by him very interestingly.
The program was greatly appreciated by all. Doctors, Nurses, Paramedics and Staffs attended the program in large number."
20-02-2025,Reel,4,0,537,Testimonial,"рдпреЛ рднрд┐рдбрд┐рдпреЛ рдЧреБрд▓реНрдореА рдЬрд┐рд▓реНрд▓рд╛ рдЫрддреНрд░рдХреЛрдЯ рдЧрд╛рдЙрдВрдкрд╛рд▓рд┐рдХрд╛ рдирд┐рд╡рд╛рд╕реА рддреБрд▓рд╕реА рднрдгреНрдбрд╛рд░реАрдХреЛ рдХреЛ рд╣реЛ ! рдЙрд╣рд╛рдБрд▓рд╛рдИ рдирд┐рд░рдиреНрддрд░ рдврд╛рдб рджреБрдЦрд╛рдИрдХреЛ рдХрд╛рд░рдг рджреИрдирд┐рдХ рдХрд╛рдо рдмреНрдпрд╡рд╣рд╛рд░ рдЕрд╕рд╣рдЬ рд╣реБрдБрджреИ рдЧрдпреЛ рд░ рдмреБрдЯрд╡рд▓рдХрд╛ рдХреЗрд╣рд┐ рдЕрд╕реНрдкрддрд╛рд▓рдорд╛ рдкреБрдЧреНрдиреБ рднрдпреЛ, рдЕрд╕реНрдкрддрд╛рд▓рдорд╛ рдЬрд╛рдБрдЪ рдЧрд░рд╛рдП рдкрд╢реНрдЪрд╛рдд рдЙрд╣рд╛рдВрдХреЛ рдврд╛рдбрдХреЛ рд╕рдорд╕реНрдпрд╛ рддреНрдпрд╣рд╛рдВ рдирд┐рдХреЛ рдирд╣реБрдиреЗ рдорд╣рд╕реБрд╕ рдЧрд░реЗрд░ рдПрдХ рдЬрдирд╛ рдЪрд┐рдирдЬрд╛рдирдХрд╛ рдмреНрдпрдХреНрддрд┐рдХреЛ рд╕реБрдЭрд╛рд╡рдХрд╛ рдЖрдзрд╛рд░рдорд╛ рдЧреНрд░рд╛рдгреНрдбреА рдЗрдиреНрдЯрд░рдиреЗрд╢рдирд▓ рд╣рд╕реНрдкрд┐рдЯрд▓рдорд╛ рдбрд╛ рдмрд┐рдиреЛрдж рдмрд┐рдЬрд╝реБрдХреНрдЫреЗрд▓рд╛рдИ рднреЗрдЯреНрди рдЧреНрд░рд╛рдгреНрдбреА рдЕрд╕реНрдкрддрд╛рд▓рдорд╛ рдЖрдИрдкреБрдЧреНрдиреБ рднрдпреЛ ред
рд╕реНрдкрд╛рдЗрди рд╕рд░реНрдЬрд░реА рдкрдЫрд┐ рд╕рд╛рдорд╛рдиреНрдп рдЬреАрд╡рдирдорд╛ рдлрд░реНрдХрджреИ рдЧрд░реНрдиреБ рднрдПрдХрд╛ рдЙрд╣рд╛рдВрд▓рд╛рдИ рд╣рд╛рдорд┐рд▓реЗ рднреЗрдЯреНрджреИ рдЧрд░реНрджрд╛ рдбрд┐рд╕реНрдЪрд╛рд░реНрдЬ рднрдПрд░ рдШрд░ рдлрд░реНрдХрдиреЗ рддрд░рдЦрд░ рдЧрд░реНрджреИ рд╣реБрдиреБрд╣реБрдиреНрдереНрдпреЛ рднрдиреЗ рдЫрд┐рдЯреНрдЯреИ рдХрд╛рдордорд╛ рдлрд░реНрдХрдиреЗ рдЖрддреНрдордмрд┐рд╕реНрд╡рд╛рд╕ рджреЗрдЦрд┐рдиреНрдереНрдпреЛ ред рдЧреНрд░рд╛рдгреНрдбреА рдЕрд╕реНрдкрддрд╛рд▓рдорд╛ рдЙрдкрдЪрд╛рд░рдХрд╛ рдХреНрд░рдордордорд╛ рдЙрд╣рд╛рдБрд▓реЗ рдЧрд░реНрдиреБрднрдПрдХреЛ рдЕрдиреБрднрд╡ рд╣рд╛рдореАрд▓реЗ рдЬрд╕реНрддрд╛рдХреЛ рддрд╕реНрддреИ рдпрд╣рд╛рдБрд╣рд░реБ рдорд╛рдЭ рдкреНрд░рд╕реНрддреБрдд рдЧрд░реЗрдХрд╛ рдЫреМрдВ ред рдпрд╕реНрддреИ рд╕рдорд╕реНрдпрд╛ рднрдПрдХрд╛ рддрдкрд╛рдИрдХрд╛ рдЖрдлрд╝рдиреНрддрдЬрди рд░ рдЪрд┐рдирдЬрд╛рдирдХрд╛ рдХреЛрд╣рд┐ рд╣реБрдиреБрд╣реБрдиреНрдЫ рднрдиреЗ рдЙрд╣рд╛рдВрдХреЛ рд▓рд╛рдЧрд┐ рдпреЛ рднреАрдбреАрдпреЛ рдкреНрд░реЗрд░рдгрд╛ рджрд╛рдпреА рдмрдиреНрдиреЗ рдЫ рднрдиреНрдиреЗ рд╡рд┐рд╢реНрд╡рд╛рд╕ рдЧрд░реНрджрдЫреМрдВ !"
19-02-2025,Reel,6,0,850,Announcement,"Cupid Package
Valentines Day Cupid Package is going on at Grande International Hospital. Grab the opportunity now.
Book your appointment 9801202530"
18-02-2025,Reel,8,0,564,Testimonial,"рдиреБрд╣рд╛рдЙрдВрджрд╛ рд▓рдбреЗрд░ рдЯрд╛рдЙрдХреЛрдорд╛ рдЪреЛрдЯ рд▓рд╛рдЧреЗрдХрд╛ рд░реМрддрд╣рдЯ рдирд┐рд╡рд╛рд╕реА рдкрд░рдорд╛рдирдиреНрдж рд╢рд╛рд╣, рдЧрдореНрднреАрд░ рдЕрд╡рд╕реНрдерд╛рдорд╛ рдЧреНрд░рд╛рдгреНрдбреА рдЖрдЙрдиреБ рднрдПрдХреЛ рдерд┐рдпреЛ редрдЕрддреНрдпрд╛рдзреБрдирд┐рдХ рдкреНрд░рд╡рд┐рдзрд┐рдмрд╛рдЯ рдЯрд╛рдЙрдХреЛ рдирдЦреЛрд▓рд┐рдХрди рдХрдиреНрд╕рд▓рдЯреНрдпрд╛рдиреНрдЯ рдЗрдиреНрдЯрд░рднреЗрдиреНрдЯрд┐рд╕ рдбрд╛ рд╕реБрднрд╛рд╖ рдлреБрдпрд╛рд▓рджреНрд╡рд╛рд░рд╛ рдЙрдкрдЪрд╛рд░ рдкрд╢реНрдЪрд╛рдд, рдкреБрд░реНрдг рд░реБрдкрдорд╛ рдирд┐рдХреЛ рднрдП рдкрдЫрд┐ рдЖрдлреНрдиреЛ рдЕрдиреБрднрд╡ рд░ рдЕрднрд┐рд╡реНрдпрдХреНрддрд┐ рд░рд╛рдЦреНрджреИ рдЙрдирдХрд╛ рднрд╛рдИ...."
17-02-2025,Post,8,0,,Educative,"ЁЭРНЁЭРиЁЭРмЁЭРЮ ЁЭРБЁЭРеЁЭРЮЁЭРЮЁЭРЭ : ЁЭРА ЁЭРВЁЭРиЁЭРжЁЭРжЁЭРиЁЭРз ЁЭРВЁЭРиЁЭРзЁЭРЭЁЭРвЁЭРнЁЭРвЁЭРиЁЭРз ЁЭРвЁЭРз ЁЭРнЁЭРбЁЭРЮ ЁЭРВЁЭРиЁЭРеЁЭРЭ ЁЭРТЁЭРЮЁЭРЪЁЭРмЁЭРиЁЭРз
Words by Dr Anand Ghimire HOD/Consultant ENT, Head & Neck Surgeon
Grande International Hospital
Click the link below for full article:
https://medicosnext.com/"
16-02-2025,Post,47,0,,Visit,"Welcoming the esteemed delegates from Bureau of Medical Services, US Embassy Dr. Ben Harrell тАУ Regional Medical Officer, Dr. Inzune K. Hwang тАУ Medical Officer and Ms Menuka Khadka, Registered Nurse to Grande International Hospital! A fruitful exchange of ideas and collaboration for a healthier future. Together, we strive for excellence in healthcare and innovation!"
14-02-2025,Reel,23,0,867,Announcement,"ЁЭРВЁЭРоЁЭРйЁЭРвЁЭРЭ ЁЭРПЁЭРЪЁЭРЬЁЭРдЁЭРЪЁЭРаЁЭРЮ
Valentines Day Cupid Package started from today at Grande International Hospital. Grab the opportunity now.
Book your appointment 9801202530"
11-02-2025,Reel,8,0,485,Announcement,"Your healthy body is a gift to your partner. Gift your partner a Cupid Package this Valentines Day.
Buy the package for yourself and Get the second Free for your partner.
Cupid Package is going to start at Grande International Hospital from 14th of February 2025."
10-02-2025,Reel,5,0,384,Educative,"рдЫрд╛рд░реЗ рд░реЛрдЧ рдХреЗ рд╣реЛ ? рдХрд╕рд░реА рд▓рд╛рдЧреНрдЫ ? рдХрд╕рд░реА рдЬреЛрдЧрд┐рдиреЗ ?
рдЫрд╛рд░реЗ рд░реЛрдЧ рд╕рдореНрдмрдиреНрдзрд┐ рднреНрд░рдо рд░ рдпрдерд╛рд░реНрде рдмрд╛рд░реЗ рдЧреНрд░рд╛рдгреНрдбреА рдЗрдиреНрдЯрд░рдиреЗрд╢рдирд▓ рд╣рд╕реНрдкрд┐рдЯрд▓рдХрд╛ рдХрдиреНрд╕рд▓реНрдЯреЗрдиреНрдЯ рдиреНрдпреБрд░реЛрд▓реЛрдЬрд┐рд╕реНрдЯ рдбрд╛. рд░рд╛рдЬреБ рдкреМрдбреЗрд▓рдХреЛ рд╕реБрдЭрд╛рд╡ рд╕реБрдиреМ ред рдЬрдирдЪреЗрддрдирд╛рдХреЛ рд▓рд╛рдЧрд┐ рд╕реЗрдпрд░ рдЧрд░реМред"
05-02-2025,Reel,9,0,,Testimonial,"рдЦрд╝реЛрдо рдерд╛рдкрд╛, рдмрд┐рдЧрдд рей рджрд╢рдХ рджреЗрдЦрд┐ рдпрд╛рддрд╛рдпрд╛рдд рдХреНрд╖реЗрддреНрд░рдорд╛ рдЖрд╡рджреНрдж рд╡реНрдпрд╡рд╕рд╛рдпреА рд╣реБрдиреБрд╣реБрдиреНрдЫ ред рдЬреАрд╡рдирдорд╛ рд╕рдпреМрдВ рджреБрд░реНрдШрдЯрдирд╛ рджреЗрдЦреЗрдХрд╛ рд░ рдзреЗрд░реИрдХрд╛ рдкрд░рд┐рд╡рд╛рд░рдорд╛ рд╕рд╣рд╛рдиреБрднреВрддрд┐ рдмреНрдпрдХреНрдд рдЧрд░реЗрдХрд╛ рдЙрдирдХреЛ рдЖрдлреНрдиреИ рдЬреАрд╡рдирдорд╛ рдЕрдХрд▓реНрдкрдирд┐рдп рджреБрд░реНрдШрдЯрдирд╛ рдкрд░реНрдпреЛред резрео рдмрд░реНрд╖рд┐рдп рдЫреЛрд░рд╛ рдЧрдореНрднреАрд░ рджреБрд░реНрдШрдЯрдирд╛рдорд╛ рдкрд░рд┐ рдЧреНрд░рд╛рдгреНрдбреА рдЕрд╕реНрдкрддрд╛рд▓ рдЖрдИрдкреБрдЧреЗ, рдЕрд╕реНрдкрддрд╛рд▓рдорд╛ рдХрд░реАрд╡ рез рдорд╣реАрдирд╛рдХреЛ рдмрд╕рд╛рдИ рдкрдЫрд┐ рдирд┐рдХреЛ рднрдПрд░ рдлрд░реНрдХрджреИрдВ рдЧрд░реНрджрд╛ рдЙрдирд▓реЗ рдЕрд╕реНрдкрддрд╛рд▓ рдмрд╕рд╛рдИ рд░ рдЙрдкрдЪрд╛рд░ рд╣реЗрд░рдЪрд╛рд╣ рд▓рдЧрд╛рдпрддрдХрд╛ рдмрд┐рд╖рдпрдорд╛ рдЖрдлрдирд╛ рдХреБрд░рд╛рд╣рд░реВ рд░рд╛рдЦреЗрдХрд╛ рдЫрдиреН ред рд╣рд╛рдореАрдордзреНрдпреЗ рдзреЗрд░реИрд▓реЗ рд╕реЛрдЪреНрджрдЫреМрдВ рдХрд┐ рджреБрд░реНрдШрдЯрдирд╛ рдЕрд░реВрдХреЛ рдорд╛рддреНрд░ рд╣реБрдиреНрдЫред рддрд░ рдЬреАрд╡рди рдЕрдирд┐рд╢реНрдЪрд┐рдд рдЫред рдЖрдлреВрд▓реЗ рдЪрд▓рд╛рдЙрдиреЗ рдЧрд╛рдбреАрд╣рд░реВ рд╕реБрд░рдХреНрд╖рд┐рдд рдЫрдиреН рдХрд┐ рдЫреИрдирдиреН, рдмрд╛рдЯреЛрдорд╛ рд╣рд┐рдБрдбреНрджрд╛ рд╕рд╛рд╡рдзрд╛рдиреА рдЕрдкрдирд╛рдЗрдиреНрдЫ рдХрд┐ рдЕрдкрдирд╛рдЗрдБрджреИрди, рдпреА рд╕рдмреИ рдХреБрд░рд╛рд▓рд╛рдИ рдЧрдореНрднреАрд░ рд░реВрдкрдорд╛ рд▓рд┐рдиреБрдкрд░реНрдиреЗ рдЙрд╣рд╛рдХреЛ рдмреБрдЭрд╛рдИ рдЫ ред рдмрд╛рдХрд╝рд┐ рдЙрд╣рд╛рдХреИ рд╢рдмреНрджрдорд╛...."